username,Password
Kabir_Kapoor,password@35
Pranav_Sinha,password@35
Vivaan_Verma,password@36
Kabir_Joshi,password@69
Samaira_Dutta,password@43
Myra_Kapoor,password@19
Jiya_Singh,password@37
Dev_Dutta,password@40
Nikhil_Thakur,password@38
Rohan_Bajaj,password@42
Kabir_Joshi,password@65
Aarav_Sharma,password@56
Vivaan_Dutta,password@49
Pranav_Agarwal,password@54
Kabir_Nair,password@57
Pranav_Agarwal,password@42
Neha_Malhotra,password@65
Shaurya_Sharma,password@59
Zara_Dutta,password@48
Arjun_Malhotra,password@19
Saanvi_Singh,password@65
Vivaan_Agarwal,password@57
Riya_Verma,password@28
Neha_Mehra,password@19
Tara_Sharma,password@25
Saanvi_Rao,password@61
Neha_Singh,password@26
Avni_Dutta,password@19
Rohan_Rao,password@66
Vivaan_Chopra,password@66
Rohan_Dutta,password@24
Rohan_Singh,password@55
Aarav_Kapoor,password@35
Jiya_Sinha,password@58
Aarav_Nair,password@18
Samaira_Singh,password@27
Samaira_Joshi,password@54
Ishaan_Agarwal,password@47
Shaurya_Verma,password@22
Neha_Malhotra,password@65
Tara_Malhotra,password@29
Riya_Dutta,password@48
Rohan_Mehra,password@55
Neha_Patel,password@45
Pranav_Chopra,password@65
Saanvi_Gandhi,password@42
Myra_Mehra,password@50
Avni_Kapoor,password@24
Dev_Sharma,password@36
Dev_Nair,password@23
Arjun_Verma,password@62
Jiya_Mehra,password@41
Saanvi_Chopra,password@51
Tara_Singh,password@36
Dev_Singh,password@20
Ishaan_Nair,password@20
Avni_Sharma,password@18
Jiya_Mehra,password@65
Ishaan_Sharma,password@50
Jiya_Malhotra,password@62
Riya_Sinha,password@42
Avni_Sinha,password@52
Avni_Kapoor,password@32
Pranav_Mehra,password@67
Vivaan_Joshi,password@43
Neha_Sharma,password@38
Vivaan_Dutta,password@56
Saanvi_Malhotra,password@41
Neha_Bajaj,password@61
Dia_Nair,password@28
Neha_Sinha,password@18
Aarav_Chopra,password@45
Pranav_Gandhi,password@57
Dia_Dutta,password@51
Ishaan_Kapoor,password@52
Nikhil_Joshi,password@18
Avni_Thakur,password@62
Aanya_Sharma,password@29
Zara_Agarwal,password@29
Nikhil_Kapoor,password@26
Dev_Joshi,password@58
Saanvi_Bajaj,password@52
Tara_Verma,password@47
Kabir_Rao,password@51
Nikhil_Patel,password@34
Avni_Sinha,password@70
Aanya_Bajaj,password@34
Neha_Dutta,password@54
Ishaan_Malhotra,password@39
Nikhil_Sinha,password@28
Nikhil_Patel,password@60
Zara_Agarwal,password@52
Samaira_Sharma,password@43
Jiya_Verma,password@43
Tara_Verma,password@57
Ishaan_Gandhi,password@58
Myra_Kapoor,password@42
Nikhil_Mehra,password@50
Avni_Bajaj,password@23
Rohan_Singh,password@25
