Full Name,Age
Saanvi Agarwal,40
Neha Dutta,29
Rohan Sinha,53
Rohan Nair,38
Neha Sinha,33
Dia Patel,19
Dia Verma,36
Nikhil Verma,32
Aanya Patel,49
Zara Verma,30
Myra Patel,19
Aanya Chopra,23
Jiya Mehra,34
Ishaan Bajaj,19
Aarav Rao,38
Saanvi Chopra,51
Zara Kapoor,47
Saanvi Chopra,52
Arjun Gandhi,34
Avni Rao,62
Dev Sinha,66
Tara Patel,62
Vivaan Patel,30
Ishaan Patel,40
Tara Kapoor,70
Zara Chopra,35
Dia Agarwal,63
Arjun Sharma,55
Nikhil Bajaj,40
Myra Verma,23
Tara Nair,68
Vivaan Joshi,35
Samaira Sinha,53
Myra Rao,44
Pranav Gandhi,31
Neha Malhotra,59
Zara Dutta,21
Avni Sharma,29
Zara Chopra,68
Saanvi Bajaj,29
Ishaan Gandhi,57
Myra Gandhi,61
Samaira Bajaj,50
Dev Chopra,54
Aarav Rao,29
Pranav Thakur,59
Aarav Singh,27
Samaira Malhotra,21
Tara Mehra,42
Aanya Agarwal,55
Riya Patel,53
Zara Chopra,41
Jiya Sharma,33
Aanya Agarwal,57
Avni Nair,30
Neha Joshi,42
Aanya Agarwal,58
Pranav Agarwal,63
Jiya Chopra,66
Jiya Singh,56
Dev Nair,64
Aanya Joshi,18
Nikhil Bajaj,37
Tara Sinha,26
Tara Nair,58
Avni Dutta,46
Arjun Joshi,21
Tara Chopra,47
Neha Bajaj,35
Rohan Singh,33
Aanya Sinha,20
Tara Sharma,68
Myra Agarwal,49
Vivaan Dutta,35
Tara Agarwal,41
Myra Sinha,30
Arjun Sharma,61
Shaurya Dutta,35
Myra Dutta,31
Shaurya Patel,45
Aarav Gandhi,44
Jiya Singh,52
Saanvi Nair,38
Pranav Joshi,42
Shaurya Thakur,45
Kabir Rao,60
Zara Rao,48
Dev Verma,48
Tara Sinha,51
Jiya Verma,37
Pranav Sinha,37
Tara Sinha,35
Neha Malhotra,42
Myra Dutta,50
Arjun Rao,53
Arjun Sharma,64
Arjun Patel,34
Saanvi Agarwal,67
Ishaan Singh,58
Myra Mehra,24
